{"cameraMode":{"drawMode":0,"name":"Shaded","section":"Shading Mode"},"sceneLighting":true,"audioPlay":false,"sceneViewState":{"showFog":false,"showMaterialUpdate":false,"showSkybox":false,"showFlares":false,"showImageEffects":false,"showParticleSystems":false},"in2DMode":false,"pivot":{"x":311.3245544433594,"y":611.92431640625,"z":-70.918701171875},"rotation":{"x":0.04946885257959366,"y":-0.02097274549305439,"z":0.0010389818344265223,"w":0.998555600643158},"size":1276.6588134765625,"orthographic":false}